<?xml version="1.0" encoding="UTF-8"?>
<beans xmlns="http://www.springframework.org/schema/beans"
	xmlns:xsi="http://www.w3.org/2001/XMLSchema-instance"
	xmlns:aop="http://www.springframework.org/schema/aop"
	xmlns:context="http://www.springframework.org/schema/context"
	xmlns:tx="http://www.springframework.org/schema/tx"
	xsi:schemaLocation="http://www.springframework.org/schema/beans http://www.springframework.org/schema/beans/spring-beans.xsd
		http://www.springframework.org/schema/aop http://www.springframework.org/schema/aop/spring-aop-4.3.xsd
		http://www.springframework.org/schema/context http://www.springframework.org/schema/context/spring-context-4.3.xsd
		http://www.springframework.org/schema/tx http://www.springframework.org/schema/tx/spring-tx.xsd">

	<context:component-scan base-package="com.cg"></context:component-scan>

	<bean id="ds"
		class="org.springframework.jdbc.datasource.DriverManagerDataSource">
		<property name="url"
			value="jdbc:oracle:thin:@localhost:1521:xe" />
		<property name="driverClassName"
			value="oracle.jdbc.driver.OracleDriver" />
		<property name="username" value="Pradeepthi" />
		<property name="password" value="oracle" />
	</bean>

	<bean id="emf"
		class="org.springframework.orm.jpa.LocalContainerEntityManagerFactoryBean">
		<property name="dataSource" ref="ds"></property>
		<property name="persistenceProviderClass"
			value="org.hibernate.jpa.HibernatePersistenceProvider" />
		<property name="packagesToScan" value="com.cg.entity" />
		<property name="jpaProperties">
			<map>
				<entry key="hibernate.dialect"
					value="org.hibernate.dialect.Oracle10gDialect"></entry>
				<entry key="hibernate.show_sql" value="true" />
				<entry key="hibernate.hbm2ddl.auto" value="update" />
			</map>
		</property>
	</bean>

	<bean id="txnMgr"
		class="org.springframework.orm.jpa.JpaTransactionManager">
		<property name="entityManagerFactory" ref="emf"></property>
	</bean>
	<tx:annotation-driven transaction-manager="txnMgr" />
</beans>
